text,label,notes,prelabeled
I am happy to see that Shion Wakayama has been getting her flowers too and like you said she adds so much emotional depth to Takina who easily could come across as uncaring and indifferent. Her and Chika Anzai just make such an insanely great VA duo. Need to see a compilation video of Chisato feeding Takina all over the world.,hot_take,,True
"I don't see Ruri becoming a Guard though. But Maybe she can learn, though it feels late for that kind of training.",hot_take,,True
"Not sure if this changes your opinion of Mika but I think it's important to note that Jin had the chance to kill Mizuki who was in the way of his mission but tied her up instead. Still a hit man of course but I don't think he takes joy in killing randoms. That was a theory I heard back in the day too, but really is ironic that the girl with the biggest heart doesn't even have one that beats. Makes me wonder just what Takina is thinking after putting her head on Chisato's chest. Chisato also plays it off as it being cool though I doubt that will quell Takina's concerns. That type of mind set of the Alan Institute just makes me distrust them greatly. It almost feels like they believe Chisato belong to them.",analysis,,True
"""Forget about soccer, it's time to kill each other""",reaction,,True
"I've played 5 and am close to beating 3, but haven't played 4 yet! Will she beat Kasumi?",reaction,,True
I feel like Saito's kinda given up on returning at this point but I guess we'll see,hot_take,,True
Probably? Poor girl was never in the race,hot_take,,True
\>[We get a six-month timeskip to Akane's graduation day]( And it's also going be a six-month wait period for the next season!😄,reaction,,True
Wouldn't have been right to leave things off when they haven't even been officially married yet after all,reaction,,True
"Farewell Akane's high school life, we only really experienced you for like 3-4 episodes. But I hope we see Iwa again (maybe dating Koguma...).",reaction,,True
ghost stories dub lives rent free lol 😆,reaction,,True
The reaction across the unsuspecting anime-only fandom is going to be *delicious*.,reaction,,True
Honestly they'd committed to so much drama I really thought they'd commit to Ruri's death but I'd never been more happier to be wrong. Though I guess this also means the God of the Seasons legit didn't care that Ruri wasn't 100% dead it just immediately jumped to Ayame because she was the most convenient.,hot_take,,True
"I still watch all the isekai slop, but I'm never going to pretend it's anything other than slop",hot_take,,True
"Alas, I stopped playing 5 before I really got to her part, so I can't guarantee it. But at least she's the best of 4.",reaction,,True
"\[1st time watcher\] (1) Damn, a robotic heart? I was as surprised as takina… Like, what? It might explain part of Chisato's physical prowess though, not being restrained by the limits of a human heart. There's also (or will be) a comment on ""how to love with a mechanical heart"" or something along those lines hidden out there, I think. With Kurumi pointing out it was a gift from the Alan organisation, my Arika-Major Wong comparison from yesterday resonates, the gratitude/fondness Chisato feels is due to them litteraly saving her life, allowing her to keep on living (gives context to last ep's ""people eat a finite number of meals"" now that I think of it). I have a feeling it was when she was a child, although it could be after the Tower indicident. 1 month passed. I thought we'd get a reaction from Takina at least about all the Lycoris that died in the subway... Kurumi's dialogue hints at the fact that they know about the incident, and thus, the KIAs. [Pretty smile]( Takina the fondler. Also, Chisato now wears her pendant on top, like Takina told her. I was worrying they snuk up a shot of robota's drone in plain sight during the cute tourism montage but it was actually Kurumi's. Would have been incredible though. Damn, I thought Mizuki would be gone when Jin caught her! The rest of the cafe took it quite lightly too. That gunpunch was powerful! Takina says ""told you I would handle it"", what a brat, she was totally in a huge pinch though, disarmed and all... Maybe (probably) th",analysis,,True
"PSA [there is an after credits scene!]( [Nadeshiko's alive thank god!]( [Oh god in a moment of carelessness, Ruri got shot]( [Older sister protective emotion]( + [power manifestation]( = [Rage Killing Spree]( [Thank goodness Rindo and Nadeshiko showed up to stop her from killing herself]( [OK, I swear Nadeshiko's power is the most badass one]( [Guess we have 2 Summer agents now eh?]( [Next Episode: spring flowers that bloom in winter](",reaction,,True
"Hey, guys. Holofan4life here. Welcome to the Familiar of Zero 20th anniversary rewatch. Tsundere fans rejoice! This is the second part of a three part series involving rewatches of shows with Rie Kugimiya as the main female heroine. The first part was Shakugan no Shana, and the last will be Hayate the Combat Butler with a rewatch in 2027. For those who remember, I did a rewatch of Familiar of Zero in 2023. That was really when I started to dip my toe in the water in terms of doing rewatches for a full time basis. And I remember the show better better than its reputation suggests. I consider Familiar of Zero to be my guilty pleasure anime. It's not perfect, but it does a lot of stuff good. Also, it features a good mix of action, romance, comedy, drama, and Rie Kugimiya at arguably her most helplessly adorable. What's not to like? We'll get to it... I'm entirely doing this rewatch because I love tsunderes. And as extreme as the show can be at times, I have a massive soft spot for Louise and Saito and the world this show embodies. With that out of the way, let’s begin. I'm watching the sub, by the way. The back of my throat is so scratchy. I hope I'm not sick. If I don't get a job by tomorrow, I'mma lose it. Louise in a grassy field She sees Tabitha and Saito being close to each other. But Louise can't use her explosion magic. I can hear Rie Kugimiya say the word Explosion in English all day long. Can't use any magic And then Louise wakes up Well, that explains that weird screen",hot_take,,True
It might just be me but I don't your imgur links are broken Very interesting though how Chisato's issue isn't with Takina touching them but just not in public which is fair. Takina does not have the social skills to know about the right timing. Also that Lycoris death was just brutal and feels like Majima doesn't have any street honor as it was a surprise attack,analysis,,True
Reincarnation of the strongest exorcist in another world. Is it trash isekai? Absolutely. But its my favorite god damn trash and ill fight anyone who says it sucks,hot_take,,True
Fairy tail because it has erza scarlet,reaction,,True
"Sadly it's never the ""I love you""s or kisses that you remember. You remember that time you fought, all the times you've been at each others throats, that one time he leaned in to kiss someone else right in front of you (which is still his worst offence BY FAR). And you start to spiral and wonder if everything he said was a lie and if you're worthless like you always thought. And yet you can't bring yourself to break up because if you do you have absolutely nothing left What Holo did for you then is what Guitar-Bocchi did for me. Leaving your comfort zone and putting yourself out there is one of the bravest things you can do and I commend everyone that does it because I'm terrified of it. When BtR came out with this socially anxious mess of a main character that can barely hold a conversation, I finally felt seen in a way I never had before. And it got so absurdly popular out of nowhere that a lot of people must've felt the same way. I try to put myself out there at least a little more these days and BtR is no small part of the reason for that, but sometimes I still just don't wanna talk to anyone for a week",analysis,,True
"When Ayame crouched in pain with glowing marks all over her body, what I feared the most had happened. The Gods certainly has a sick sense of humour with their choice of her replacement. Pretty much all expression had drained off her face before she pointed the gun at her own head. She’s already dead inside, why not match it outside as well? Then another twist came. Nadeshiko could resurrect a recently deceased being using life forces from the surroundings. It’s mental how a young child could both be the Angel of Death and Angel of Life.",analysis,,True
"Yeah. I’m glad that Elfie got to prove that she’s not just some damsel in distress, atop a tower, that needs saving. I can only hope that she also manages to pull through against Zeo.",reaction,,True
It's hilarious how her strongest magic all have an origin in trying to basically monopolize Will lol.,reaction,,True
"How could you forgot mention her best known role of all time, the Wise Wolf Holo fom Spice and Wolf? Tenma in School Rumble, Makoto/Sailor Jupiter in Sailor Moon Crystal, Mao in Maoyu, Elda in Otaku Elf, Rui in the Cat's Eye remake, Lufas in Wild Last Boss Appeared, Mikumo in Macross Delta might be some other better roles of hers.",hot_take,,True
"Don't worry, he taught us that another master can't expel his dad in real life👍",reaction,,True
"I think so too, and then her defeating the Jormungand could have been a catalyst for regaining her magic. I think that could have been a massive step for Louise to value herself more, to show that she can be useful even as a normal girl I'm glad : D I enjoy talking to you too!",reaction,,True
"how is everyone noticing this but me damn, peak parallel tbh",reaction,,True
Where's *our* six month timeskip...,reaction,,True
I think they are good now(?),reaction,,True
"[I love the opening scene with Shiguma just walking around town]( greeting people and visiting shops. It really shows how much he's beloved by their local community. [Jumbo's imagination of how Akane was going to confront Issho is hilarious!]( Akane might be upset about her dad's expulsion, but she's not about to get violent! xD As a manga reader, [I am so hyped to see the Rakugo Federation members]( especially Shohei and Urara. I can't wait to see them shine in the future! [The principal really made a big deal about Akane winning the Karaku Cup!]( Now our girl finally gets to [experience what it's like to become a celebrity!]( And I do think it's nice to see [that Akane's win has inspired her friends]( to go for their dreams too. [We get a six-month timeskip to Akane's graduation day]( and she finally gets [officially accepted to become Shiguma's apprentice!]( No Rakugoka name yet tho. It looks like Akane wants to be named after she becomes a shinuchi [which Shiguma completely expected.]( I am so happy that we're already confirmed for a second cour! [I can't wait for Akane's Zenza Training arc!](",analysis,,True
"One last thing I want to make note of is the portrayal of loneliness in both Louise and Henrietta. They each crave companionship, but they handle it differently where Henrietta is almost like destroying those she cares about and Louise is destroying herself. I think Henrietta is almost this reflection of Louise if she handled things terribly and went about her loneliness in a selfish matter. No one deserves to be lonely, but that doesn't mean others have to suffer because you want to try to course correct.",analysis,,True
I can agree with him thinking of that more measured approach. It is true that they have been going on missions without them taking notice. Yet I wonder if he has kids of his own which would make him not want the Lycoris to risk their lives. Either way it's interesting to think about. That is fair though at least for me as I get older I find myself being more critical of seeing adults in fiction treat teenagers and children poorly. I try to imagine myself doing something like that and I know I couldn't. Not saying it's because I have incredible morals but it would just make me feel really bad.,analysis,,True
"The studio is making the best use of that 3D camera, Holy hell",reaction,,True
"It's a realistic Battle Shounen, meaning it achieves all the same tropes of a Battle Shounen without having to do them literally! We've got ominous association of top tier characters meeting to discuss things! We've got a father who had a spiritual death! A tournament arc! An antagonist the protagonist is obsessed with defeating to avenge a lost loved one! All we're missing is Junichi Suwabe.",hot_take,,True
It's the first time in a while where the protagonist is a fish out of water yet still very capable. Plus I really like how the antagonist isn't quite as clear.,hot_take,,True
"Yeah, [Zeo is a much better option for Will]( than Elfaria's faction. Aside from the combat reasons, there is Zeo's open-mindedness (which he showed at the beginning of [today's episode]( when he wanted dwarves to be able to join the Tower), and the fact that this way Will wouldn't be accused of being favored due to his relationship with [Elfie]( (which would definitely be the case if he joined her faction).",analysis,,True
All the better if we can get a romantic combination attack to take Misuzu down.,hot_take,,True
"On the one hand, Ruri might finally be free of being the Agent of Summer which she never wanted to be. On the other hand, now her sister has to take on that burden and also deal with the impact it will have on her relationships. She was supposed to retire and marry her boyfriend but now she can't retire since she's the Summer Agent. And who is going to bodyguard her? Ruri's fiance who was intended to replace her? Ruri definitely can't do it since she never had the training.",analysis,,True
"Hopefully if they follow the manga, the first episode will be one to remember.",hot_take,,True
"The original “Fruits Basket.” I know the new one is probably a lot better considering it’s actually loyal to the manga, but the old one was just such a comfort show for me growing up. I grew so used to its VAs, tempo, and BGM that it’ll always have a special place in my heart.",reaction,,True
D:< JUST CAUSE I SAID COCO WAS HOT–,reaction,,True
"Zeo: ""So why're you so worked up about him, anyway?"" Elfie: ""Bruh have you seen how peggable that ass is?"" Zeo: ""Lmao fair""",reaction,,True
"Underrated and overhated, in my opinion. It’s rough at times but there’s way worse out there and no show does “the power of friendship” better than it. I hate “the power of friendship” trope but Fairy Tail nails it so well that it’s actually my favorite part of the show. Also, Fairy Tail gave us the “Wow!!!!” soundbite and I’ll always be thankful for that.",hot_take,,True
I noticed that too! He even has similar hair color and shark teeth!,reaction,,True
"I really want Sis to get her man and spend a couple episodes snuggling him. She deserves it. (No ice prisons though Elfie, consent is important) Yet I also really really agree with Finn, Zeo could teach Will to the stratosphere.",reaction,,True
"Realistically speaking, there was no need for Ruri to be involved on the front lines when she wasn't conventionally armed. Couldn't she have laid low a lot further away from the action running communications and causing chaos with her animals? Nah, let's throw her into a literal active warzone. I swear. Plot's finally getting into the real meat of things and it's still muddled by weird decisions. It's a cool twist now that the summer sisters have swapped roles, but it could've been done in a less hamfisted way.",hot_take,,True
Every episode. Tears. I'm stressed. How many eps are left? I need to brace myself.,reaction,,True
Elfie could have EASILY tried to force Kreutz into compliance but as said in the previous episode everyone knows Elfie favors Will so any action she does in his favor will be seen as favoritism and might get objected. I do think she should have tried it anyway since i don’t think any Magia Vander would have tried to fight her for Will before last episode but she had faith that Will would pull through which now created this spectacle as Zeo got his eyes on Will as well,analysis,,True
"Oh no, now I can only think about Gene Parmesan from *Arrested Development*.",reaction,,True
I feel the same. It feels like the village massacre was added for shock value and then the author tries to backtrack and make the tone lighthearted. The protagonist spends little to no time contemplating his world shattering and shows more emotion reacting to modern technology.,analysis,,True
Considering you wrote I am also *very* excited.,reaction,,True
"I admit I haven't liked it quite as much as Hiromu Arakawa's other works, but she's my favorite mangaka so that's a high bar. I definitely like a lot of the characters - I especially agree with really liking the relationship between Yuru and Right and Left. And I also really like Yuru himself - he's a typical shonen protagonist in some ways but unique in other ways, so he really works well in his role. He's relatable and endearing but also surprisingly cool and capable.",analysis,,True
Arakawa in particular is a master of the ensemble cast. She's just so good at writing believable characters with depth and individuality.,hot_take,,True
Trading one hilariously fun romcom with tons of fanservice and an Oyakodon for another hilariously fun romcom with tons of fanservice and an Oyakodon!,reaction,,True
"Hey, we picked up on the same thing! I love Shion Wakayama's voice acting, like I said in the first episode post, nowadays I watch almost everything with her - just this season, it was a factor that convinced me to watch Kirio Fanclub, and it became my favourite new show of the season. Her voice is unique, beautiful, and she is also a brilliant actress. Chisato is acted amazingly as well, of course, but the voice acting for Takina gives her so many more layers than the lines themselves would allow. Completely agree, that was my answer to the question as well. They really deserve exploring the world together.",reaction,,True
Capable without being a ‘my one cheat skill was called trash but is secretly OP’ type protag as well,hot_take,,True
His head only has space for senpai. And mother-in-laws boobs apparently,reaction,,True
There is really a lot more meat behind the political ideas of the series that keeps following up the initial scene of Lycoris taking care of threats to peace before they arise. I wonder if Abe would say the same thing if he knew the truth behind Chisato and Takina. His young partner I think would hate it trade off for sure. And these are traits of hers which are highlighted in the very first episode just even her energy was directed at returning but now her priorities have shifted to protect her ball of sunshine I will withhold my answer then haha I think I go so heavy because I see Chisato as a teenager first before her job as a Lycoris and I feel like adults have the responsibility to help the younger generation find their own path rather than force their ideals instead. That's why it makes me feel so emotional about it.,analysis,,True
Now you can imagine part of the reason Lilim has forced herself on her husband multiple times...aside from being a hardcore shotacon when she's not horny over her daughters' boyfriend. God I love anime.,reaction,,True
"Its great, best show this season for me. MC isn't completely original I guess but still feels pretty fresh. He's skilled without feeling overpowered, acts like a kid but still has good judgement, not a scaredy-cat but not a pompous ass about it. He's just competent and likable. And I like the all the world building going on. Hope we'll learn more about daemons in the greater world bc so far its all focused on the two clans which is my only negative there. I get some people think its too slow but its taking the time to setup some plots and build the world. Lotta stuff now is a 12 episode or whatever pump-and-dump. They know a 2nd season is a gamble so its bait for the manga. This feels like a show doing some proper setup and I'm here for it.",hot_take,,True
Ayame: “I wish I could take my sister’s place.” The Gods: “Say no more fam!”,reaction,,True
"Well, you see him naked instead later on lol.",reaction,,True
I love how this show came up with as many excuses as it could come up with to get the female cast in swimsuits. CURSE YOU SUDDEN CENSORSHIP FOG FROM DENYING US GLORY! It's no wonder Lilim is so hooked on her husband...though she does seem to want to at least go one round with her daughters' boyfriend despite herself.,hot_take,,True
I think she WAS dead dead. It's just that Nadeshiko can literally pull them back if the death was recent enough?,reaction,,True
"""Why Master Issho? Why did you smoke Master Shiguma on the stage so hard he got a heart attack?"" ""You lack hatred Akane""",hot_take,,True
"Fuck me sideways how was that 25 minutes. That flew by *so* fast. Also, Holy shit the level/power difference/scaling between ranks. Lol",reaction,,True
"Medabots, While all the other cool kids were watching pokemon at the time with there collection book of cards. I was enjoying medabots way more with the small figurines that could swap parts between them that i regret so hard for throwing them away as a child. I was even so stupid enough to throw the gameboy game away. Such a great time and im sad it never took off since it was kinda cooler then pokemon tbh. It prity much is like pokemon if you think about it but with cool robots and wat young lad does not love robots The reason it stuck with me is the fights. Like some of them might have been short but every fight was so cool and difrent apart from the medaforce spam in some of them but even then it was awsome to see. I higly recomand giving s1 a shot maybe even s2 but everything falls apart in s2 and i hate how they did the series dirty in s2",hot_take,,True
"Agreed, it's sitting at a solid 7 right now with the (high) potential to go up. I suppose that 'something missing' for me is probably a clearer goal? Right now we hardly know what everyone wants to achieve, and the MC only has the vaguely defined goal of finding his parents with no concrete plan on how to do so. So it feels like we're getting worldbuilding and lore stuff for the sake of it. Good worldbuilding mind you, but still feels a tad bit meandering. Agreed on the more showing stuff, but to the show's credit it at least tries to imply more than what the characters talked about, which is more than can be said for most shonen(?) shows. E.g. the villagers in the last episode casually talking about Seal, implying they had the motivation and probably a hand in keep the MC oblivious and trapped in the village.",hot_take,,True
"Sharp and tight is exactly how I'd describe the show, too. It hasn't (yet) reached that ""excellent"" status for me by any means, as there's something missing in it that I can't put my finger on, but I can't help but really, really like how the characters are written and how the narrative feels multi-dimensional. And sure, it's often a lot of just talking and talking which causes the show to suffer since it's a visual medium (this isn't me saying there should be more battles, by the way, just wishing they utilized more ""showing"" than ""tell"") but the writing is just that good that I get sucked into it and the episode passes by before I realize. Everyone's got hidden motives and there's something new to learn about a character or the greater narrative every episode. I'm just waiting for the ball to drop at this point and see the world lore or daemon stuff to open things up beyond this rival clan narrative. It'll probably happen when Yuru finally gets Seal.",analysis,,True
He must think her entire family are cosplayers too! Some of them extremely *sexy* cosplayers!,reaction,,True
"Chocho in particular is voiced by Seki Tomokazu, who also voiced Yotaro in Showa Genroku Rakugo Shinju. WE HAVE MADE A FULL CIRCLE",analysis,,True
"Um...holy shit Elfie chose Articuno. What a fight, the hype was real.",reaction,,True
"Your thoughts I like, I'm just not as horned up as you. But I have fun enabling you :P",reaction,,True
"Damn, by far the best episode this season. Give me back my tears for Ruri 😭 But this is the one death fake out that I don't mind. And Nadeshiko automatically jumped to #1 on my precious anime daughters list 😭😭 She's probably the most powerful of the agents if she had domain over life and death. This could've ended as a perfect episode if it didn't end with the forced melodrama with the Winter/Spring pairs 🙄",reaction,,True
I'll defend Solo Leveling forever. It's so fun to watch. Not everything needs to be a Frieren or Vinland Saga. They entertain in different ways. And being entertained is why we watch anime.,hot_take,,True
"Turns out it was a bad idea to intentionally bring the Agents into a combat situation where they weren't expressly needed. Though to be fair Ruri was doing scary things with the animals before she bought it. Ayame was a bit scarier with the powers after the transfer, however. It's kind of cheating to immediately rez Ruri but that does open up the odd situation of both sisters still being there but swapping which has the power. They were talking about that exact swap during their arc, so be careful what you wish for. That said I'm glad they didn't choose to cliffhanger it and leave Ruri dead until next week, I think it would have felt cheaper.",hot_take,,True
"Strike the Blood is unironically my favourite anime. It’s got just the amount of low level ecchi, drama and harem antics that make it perfect. The world building is fairly unique and the overall plot makes sense. Only half of it has ever been available on legal streaming services, the rest is expensive Japanese blu-ray only.",hot_take,,True
"That was a really good fake out. I totally thought this was the kind of show that would love to explore the consequences of Ruri's death and how it would affect her sister, so it caught me off guard that she actually came back. I don't mind those kind of ""fake"" deaths if they genuinely take me by surprise.",reaction,,True
"i can have something both as one of my favourites of all time and still be a 7-8, it's just what it does well is so good or important to me that it triumphs score ratings this mine is 1. Saito Louise marriage and his sacrifice in s2 2. Ballroom scene 3. The full image of naked apron Louise It's actually the season I have the least impressions of, so i'll be surprising myself a bit too with it",hot_take,,True
I really like it but would end up very mid for me if the worldbuilding doesn’t expand at least a bit,hot_take,,True
"Thank you, I was in a hurry to post this because I was late and I forgot **What are your thoughts on Louise losing the ability to use magic?** Made for a good conflict **What are your thoughts on Louise wondering if Saito's love for her is because he's under the influence of Gandalfr?** Again, more good conflict **What are your thoughts on Louise regaining her Void powers because Tabitha kissed Saito?** It's a good enough solution **What are your thoughts on Henrietta declaring Louise now her sister and second successor to the throne?** Again, I do feel like this takes away some of the impact of Louise rejecting her aristocrat status to save Tabitha **How would you compare this season to the previous two?** I feel like I liked this season more than season 2, however I also feel like this season was a bit more uneven in terms of tone an dquality **What are your thoughts on Louise as it currently stands?** I like her a lot and want good things fo rher **After three seasons, what do you make of Saito and Louise and their relationship as a whole?** I hope we can see some good progress in this final season coming up. It does feel like we've come some ways though. **What are you hoping we see in season 4?** Honestly I have no idea what to expect or what I want",analysis,,True
Fairy Tail(specifically the first few seasons) yes it’s unoriginal and campy and the solution to every arc is the power of friendship but dear god does it make me emotional sometimes. The return of Laxus is probably one of my favourite moments in any piece of media ever.,reaction,,True
this is exactly the energy i was looking for. own that trash with your whole chest,reaction,,True
"Because Ami knew we'd rather see Kanan in a swimsuit... Kanan: ""If you're gonna get distracted by a swimsuit, it should be mine!"" \-> Youji and cameraman zooms to Kanan",reaction,,True
Me waiting for stitches from u/leonkevlar,reaction,,True
Issho isnt even a bad guy. Hes just a purist who is obsessed with rakugo and is also a gatekeeper,hot_take,,True
I think it’s pretty cool that the Agent of Summer can communicate with and control their own furry army I like that Ruri genuinely cares about them too,reaction,,True
"**First Timer, German Dubbed!** * I assume Louise is dreaming this while passed out * Yup * Louise actually not being able to cast magic anymore would be *really* bad. She is literally our win condition. * Saito knows damn well he can't read and still asked to see the book lmao. Also Tabitha please don't fall in love with Saito * I'm shocked no one has offered to teach him how to read french before * Louise can't cast magic anymore. Well fuck. But how? * [Fwiw everyone there risked their lives getting you out of there, not just Saito]( * So he DID kill his brother * Hey Wales, feels like we haven't seen you in ages * The Great Spear.... this is some japanese military thing again isn't it? * [No one seems to care at all that Louise can't cast magic anymore]( Like hello, our most powerful asset literally just kinda stopped working and you're not scrambling to find a solution? * [Louise is losing her mind over here and no one fucking cares]( She needs a lot of support right now and no one is giving it to her * [Umm good luck!]( You'll need it! * [Sure would be nice if you had *helped Louise get her magic back*]( * I don't think it's technically confirmed that Tiffania is a void mage right? Now would be a good time, although that would shatter any self-worth Louise might still have * The way Malicorne also kept riding the carriage away instead of stopping after Louise jumped off lol * That scream from Louise sounded so real it made me physically recoil * Oooh reinforcements * [So",analysis,,True
"Elfie and Zeo taking aura maxxing to a whole new level. Damn you Wistoria for ending this episode with a cliffhanger. I have to agree with Finn though, I feel like Will would grow his abilities with Zeo better.",hot_take,,True
💯 All.of these were definitely a choice,reaction,,True
"I get downvoted to oblivion every time I mention *No Longer Allowed in Another World*, and I have no idea why; it's genuinely hilarious, and a fantastic parody of the isekai genre.",hot_take,,True
"Since seeing Itecho dash around an open airport with a sword against guns in episode 2, I've learned not to take the action too seriously. It's obviously not trying for any hint of realism, it's just for what makes a spectacle, and swords are cooler than guns. That's all there is to it I think. The action is silly and exaggerated but it's just a plot device to move the story along, it's never been a focus.",hot_take,,True
The animation also went all in. Fucking finally,reaction,,True
"Shiguma: ""So, how is Shinta doing lately?"" Akane: ""Huh, but Master Shinta Arakawa died!?."" Shiguma: ""Okay, I'm starting to think maybe we take Rakugo identities a little too seriously...""",reaction,,True
"Maou 2099. it might not be a perfect 10, no big budget animation was involved but I found the mix of cyberpunk and fantasy, the storytelling and the characters very enjoyable. It was a lot of fun and made me read the LNs",hot_take,,True
"Any thoughts on the movie? Dream Dream In my dreams :P A lot. She's going through a lot, actually. It kinda makes sense seeing as how Saito was the one who saved her. I actually thought differently. I thought it was revealed very casually. Never too late I guess adventure waits for no one I can't say I blame her He sure does False advertising You can tell where the money went to. I agree I'll never not love their relationship They're sweet Good question Yeah, they're running out of options This I really like because it feels like a callback to season 1 episode 6 when Louise almost got killed by a golem. All part of a strategy Hey, it worked What a cheater Maybe someday. But not today. It feels very genuine Yay Well deserved, I have to say The thing to keep in mind is she rejected it because she wanted to save Tabitha and she wouldn't let her. Now that that's been resolved, she has no issue. It was never about the status and more her doing what she felt was right. I guess we'll find out. It's interesting reading other people's comments on this episode. DaBenni liked it well enough though he found Saito's behavior kinda infuriating. Quagsire was a big fan and said it was better upon repeated viewing. And Mishou thought it was atrocious and was the worst episode of the series. I think season 3 is one of those interesting cases where if you ask 100 people what their thoughts are on it, you'll probably get a wide range of responses. It really speaks to how up and down this season ",analysis,,True
Honestly Ayame might be the most over-qualified Agent now because not only does she have powers but she was already skilled from being Ruri's bodyguard.,hot_take,,True
"That's sort of my biggest issue with it, the fact that Gabby killed all those villagers - just normal people, not the masterminds or anything - and then the narrative immediately starts acting like she's a decent person and it was fine for her to kill them. I can accept Asa (don't like her brother complex, though), since she didn't kill anyone but the fake Asa, who doesn't seem to be innocent or even human, as far as I recall. But aside from Gabby I don't have many problems and quite enjoy the show. I think there was enough of Yuru coming to terms with what happened that it didn't feel too jarring. It was quick, but I understand they needed to keep the story moving.",analysis,,True
Rare (and goated) Takina face indeed!,reaction,,True
"Akane is such a pure, delightful ""shounen protagonist""",hot_take,,True
"The chants are one of my favorite things about this author. In danmachi for example, people's magic comes from their experiences and innermost desires, and some of the chants are really awesome/heartfelt.",analysis,,True
"What is even Joseph's deal? He's clearly not upset about losing this new golem so it was basically a test of Louise's power as a void mage. I don't get why he's so obsessed with her in particular though. Earlier episodes made it clear that he needs another void mage for some reason and that he's aware of others outside of Louise (I'm still calling it that Tifania is one. Hell, maybe elves as a whole are an entire race of them.). Outside of meta reasons (We do need a villain.), I dunno why he keeps going after Louise in particular. Anyways, this is probably the weakest episode of the season or close to it. We've seen this all before. Nothing here is new. It's basically the second fight against Fouquet in a different font. \> What are your thoughts on Louise losing the ability to use match? It was pointless. It was resolved way too quickly and way too easily. Might as well have not included it. What a waste of time. \> What are your thoughts on Louise wondering if Saito's love for her is because he's under the influence of Gandalfr? It's stupid. He's not under the influence of Gandalfr all the time. I've been annoyed with Louise being so insecure since late Season 1 and yet it still persists. Louise x Saito is the weakest part of the show and at this point I don't want them to get together. Saito deserves better than to have to put up with someone who's constantly doubting him like Louise does. \> What are your thoughts on Louise regaining her void powers because Tabitha kissed",analysis,,True
"Yeah, \[spoilers for the first few episodes\] at some point it becomes clear that episode 1 was done purely for shock value, which is so bad because it makes the subsequent writing feel really dumb. The protagonist's entire village is massacred in a sadistic way, then before anyone comes to terms with that, the perpetrators start to get portrayed as all cute and cuddly, with Yuru joining them and barely asking any questions about the massacre. That for me was enough to drop the series. I'm sure later on there was going to be a reveal that actually the villagers were the true bad guys or whatever, but if that comes to pass, it's a very silly and predictable setup, but more importantly, it doesn't explain how Yuru was so chill around these people. I also *heavily* dislike the idea of an entire village being portrayed as collectively guilty of a crime worthy of mass execution (if that's where the story was going.) That's the kind of thing that makes me write-off someone as an author and start to question their motivations. In hindsight I think if they did episode 1 differently and didn't go hard on the edgelord shock value I probably could have stayed with this show a bit more just to see how they were going to justify things. But even then the chances of it being convincing was still gonna be very low.",analysis,,True
Shiguma looking back on his memories with little Akane was incredibly heartwarming. Seeing how much Akane has grown and how far she's come makes the moment even sweeter. Can't wait for the second season/cour!,analysis,,True
"It's not terrible or anything, but I'm very partial to Skeleton Knight in Another World. As far as isekai goes it's definitely one of the better series, but it's still got some big flaws. Still, it's getting a second season and I'm very happy about it. I'm sure there are worse shows I watch that would fit better, but they aren't coming to mind.",hot_take,,True
They are weirdly lovable in spite of their various flaws.,hot_take,,True
Thank you for making me laugh so hard lol. The image is fantastic.,reaction,,True
"Probably hasn't done that in a veeery long time Only took 37 epsiodes lmao What the fuck Saito keeps telling her over and over, again and again that he loves her and she never believes him. Granted his *actions* don't help the case. For some reason I didn't think they'd put armor on it and we've an AoT kinda situation \*Without Louise \*Let herself be captured, because even Guitar-Bocchi has a higher self-worth at this point Thoughts on Louise insisting she is worthless? She's loved by Saito and that alone makes her invaluable I might have to upgrade from one of the most the most insecure to THE most insecure girl I've seen. Do that more often please. She needs it. Made in Japan^(TM) Situation so dire Tabitha pulled a move that made Louise saw her entire life with Saito before her eyes My heart I'm glad we'll still have plot next season He's been telling her 20 episodes They are the most frustrating and yet most rewarding anime couple ever About damn time Since we had no comedic relief this episode we had to squeeze it in at the end there",hot_take,,True
"Ami Koshimizu also voiced Yukiko in *Persona 4*, the best girl! 18 years ago...",reaction,,True
"Even though [Elfaria]( looked like a princess in a tower waiting for a knight ([Will]( to rescue her, I never really thought about her that way. She seemed to me rather [composed, strong, and very distanced]( and she does look that way, but only when things don't involve Will, because when they do, oh my, [that's when her other side comes out]( and the fun begins 😂",reaction,,True
"Akane being nonchalant about winning the Karaku cup is kinda badass. ""Oh yeah that shit? I won it""",reaction,,True
"Fairy tail, it holds a special place for me",reaction,,True
"That means, Will still isn’t safe even if he goes to the thunder faction.",reaction,,True
Okay I actually forgot about that. Thanks for the reminder,reaction,,True
"wait i didn't even think about that, that's so fucking peak actually i wish i noticed it or it was made clearer the parallel one thing i really enjoy about this series is how it balanced cute and heartfelt, but also how it doesn't make a judgement on situations usually. it shows both sides of Colbert and Agnes, Louise the aristocrat and Saito the idrc about this stuff. I personally think my favourite part of the season was the start actually, at least with Saito losing his powers and still returning to her, it's such an amazing part and I really wished it got more time yeah, going into this rewatch with a more balanced and critical eye, i ended up enjoying it a lot more whereas in previous times i really struggled to get through it, so this time it earned a spot for me and i'm beyond happy to have my mind changed on this season The War arc really helped pushed things and make them feel meaningful in season 2, which is why that's by far my favourite season even if i think season 1 had a better intimate cosy mood agreed 100%, the situations that strain their relationship is what makes it work really well, like the war the s1 ballroom first dance has to be one of if not my favourite moment between the two, getting comfortable with each other, louise looks so regal and poised and pretty, everyone wants to dance with her and she offers her hand to her 'familliar', it's just so good Saito will propose and someone will find a way to walk in on them and end with whatever is left of h",analysis,,True
"**Lycorewatcher, subs. Second time being a tour guide /bodyguard / benevolent goddess for a junkie** A straightforward episode today. Where our dynamic duo both have calm slice-of-life scene and more dramatic, action packed ones. I honestly didn't remember the twist about Matsushita being just a puppet for the real villain twisted plan, so I'm glad I got to be surprised again. Even if that reveal was already foreshadowed by having [false Matsuhita going in the shadows as soon as he set his hidden test for Chisato in motion.]( Same when he [emerged from the shadow as soon as he revealed his true intentions regarding our protagonist]( Another small detail about that hidden test is Silent Jin portrayed as a ruthless killer who presumably slaughtered Matsuhita family. Yet he took the time to tie Mizuki and hide her in a storage room where putting a bullet in her head would have been quicker and more efficient to deal with the Lyco Reco crew on his tail. In fact, that straightforward episode centered on an escort mission hold many interesting details about the plot moving forward in the background. Chisato reveal about her artificial heart was done so casually the audience is naturally inclined to relate to Takina trying to process what she just learned. Yet Chisato moving on without giving her partner the time to ask for more imply that's a topic Chisato may feel uneasy to talk about. This time, it's up to Takina to reach to her and learn more about her partner, even that side of",analysis,,True
Makes me wonder though if Majima would feel bad if he killed an actual school girl by accident,hot_take,,True
Mistress Kanan will return to make us devilishly entertained!,reaction,,True
"Mom is not even 8K, she is 16K",reaction,,True
He is the father figure for Akane. Too bad Akane's father died way too early in the story.,analysis,,True
"[](#bruth) [](#mayushii) The funny thing is, Loise brought Saito to class with her in Season 1, but he didn't learn to read until Season 3. [](#azusalaugh) S1 mortar.[](#rengethink) [](#mayushii) Fouquet's Earth Soldier Enhanced Version[](#azusalaugh) It reminds me of when S1 Louise was captured by Forquet, and then she blew up the school wall. It reminds me of when Louise was slapped by Saito in front of Forquet in Season 1: ""Cherish your life."" She still hasn't learned that by Season 3. NTR!!! Is she showing signs of improvement? They were simply Louise's best teachers. Making a significant enough contribution can lead to becoming a member of the royal family. Interesting. [](#azusalaugh)",analysis,,True
"A final episode with a slow pace (compared to previous ones), but very good vibes and fun. It's interesting to see how curiosity and goals drive human beings. Akane could have simply given up her interest in rakugo after what happened to her father, but she had been dreaming about it since childhood, and much of her achievements came from her own strength, although it's undeniable that she had the support of incredible people along the way. A lovely show, interesting characters, and well-paced development; may we receive a continuation as good as the first cour.",analysis,,True
"The show is very cool but, in my opinion, suffers from waaaay too many wholly unnecessary exposition dumps. There are straight up powerpoint presentations in the middle of critical moments and action sequences that foul up the tension and the world isn't nearly complicated enough to need this much explanation.",hot_take,,True
We can't forget (as I had) that he was behind a sniper rifle in the first episode. And that he had the enemy guy in his sights but was willing to let Erika die for the sake of the mission (interrogating the guy about the arms shipment).,reaction,,True
"**Part 2** Overall, I thought this was a satisfying way to end the season. It was like Louise's crowning achievement as a character after so many L's taken and her emotions getting the better of her. The action was great and easily the most exciting since the Menville arc, and Saito and Louise had a couple heartfelt moments that gave the episode weight. I'd like to think this will officially mark a change in their relationship, but with nothing official it's hard to say. I do think it was clever to have the episode be about Louise worrying about losing her Void mage powers. That made for a good parallel to the beginning of the season which was about Saito losing his Gandalfr powers. A lot of interesting directions were set up in this episode. Louise is now officially someone of importance, and Joseph and Sheffield are still around causing chaos. It feels like they will be the main antagonists heading into the series finale. I could see a situation where with Louise and Tabitha now in prominent positions of power, the war from season 2 gets resumed and Tristain takes a more assertive approach. To let Joseph carry on when he's committed crimes against humanity seems a bit like turning a blind eye. It also feels like the end of Tabitha's character arc, and I thought that was handled well. It was one of the better parts of season 3 and helped prevent the season from being a total waste. I wonder if we'll see Tabitha bond with her mother now that she's awake and seems to have gain",analysis,,True
"They're messy because they have a lot of love to give, they're just terrible at showing it. You can tell they don't care about anyone else as much as they care about each other.",hot_take,,True
He has the awarness of a family that moves into a haunted house to die in the beginning of a horror movie 🤣,reaction,,True
"Hiromu Arakawa, my beloved, can write good stuff. I mean, she also has created one of the best series ever with FMA.",hot_take,,True
haha that line lives in my head rent free. strike the blood knows exactly what it is and never once apologizes for it. peak dumb fun,reaction,,True
"[](#congratulations) I think one non-negociable requirement to be hired at café Lyco Reco is to have a past. Wait for the episode where it's revealed that Lycoris Recoil takes place in the same universe as Haruhi Suzumiya, who happened to watch Week-end at Bernie's. [](#hikariactually)",hot_take,,True
"That was going to be my quote, still amazing pick. If no one pays attention to this, you are missing the core basis of the politics behind the series. The masses of Lycoris' Japan make this trade, and the intelligent masses of Japan do it willingly. It is a pragmatic decision, and not an idealistic one. It has its ups and its downs. I think its downs is uncontrolled if it ever gets there, so I cannot make that decision. Yea Takina is a great partner, despite being the weaker of the two in rank and competence. She makes up for it, by being quite the caring person and also super detailed focus. She is not willing to let any potential weakness slide and wants to cover all of Chisato's bases even if Chisato does not care herself. Wow you take a stronger stance than me on this. Chisato is still a Lycoris so it is understandable that they would want her to kill, but it does go against what she stands for. Also the lying is indeed very bad, but again DA and Lycoris does that too. Chisato also keeps things close to her chest, which could be a lie by omission. Still how Shinji conducts it versus Chisato (and mainly those she works for, and not herself) is quite a bit different to personally lying to someone. It is a clash of values for sure, but I think as long as you hold true to your values, what does it matter? Are you from New York? You do not have to answer that (and please don't actually answer that), but picking that city is just a bit funny.",analysis,,True
A second season was announced.,hot_take,,True
Season 2 is in production 😍🙌,reaction,,True
You would love Killing Bites then,hot_take,,True
"Lol Rofl even She's the best Water is wet I can understand more being annoyed at others. Louise really needs some reassurance but Saito is too oblivious to realize. I just want to hop in the screen, slap Saito, and tell him to kiss her. I expect Saito and Louise drama, but whwn in season 2 you have them be at odds because of Louise's belief system, one feels more natural than others.",reaction,,True
"Friend of everyone in town, revered in his craft, doting grandpa, what's not to love about the guy?",hot_take,,True
Strike the blood. I cheer everytime they say: No senpai! This is our fight! So dumb. So fun.,reaction,,True
"I can't say it enough: this OST is one of the best in recent years—wow, wow, wow. I had a feeling one of the two would die in the end—I actually leaned towards thinking it would be Ayame—but everything turned out fine. What I'm wondering now is, since Ruri is still alive, how the ""Actor"" role works. Ayame is the Actor now, but Ruri is still alive, after all. Also, Nadeshiko is just totally OP.",analysis,,True
manga keep getting better and reveal more world building and lore . Of course those Team fight and strategy are amazing,hot_take,,True
"I was afraid this series would be a ""One and done"", I'm glad to be proven wrong. See you in 2027, Akane!",reaction,,True
I would not be shocked if that costume is the only thing keeping his wife from jumping him. Notice how clingy she was to him after she caught him in the bath.,reaction,,True
Holy *fuck*. This has to be one of the best duels I've ever seen. A full episode of undiluted violence and flashy magic. [](#awe) And that cliffhanger is straight up bonkers. I also just realized that Elfie's prime magic could've been used against Kreutz. What a waste. [](#hajimepout) Cerri looking mighty fine just sitting there.,reaction,,True
Elfie: Will is my bride! Lol. Also poor Colette. She probably won't win.,reaction,,True
"So I’m a spider, so what? Idc about the bad animation, it’s so entertaining.",reaction,,True
Except the elves. Im not sure how illusion magic can be incorporated into Wis unlike the basic elements.,hot_take,,True
"The execution of the Lycoris seems to be quite extreme, yeah. But it goes back to Chisato saying the Lycoris schoolgirl uniform is the safest thing to wear in Japan because nobody suspects anything from them. Now it has become a target, and our main characters are anything but safe.",analysis,,True
How did she know what we want?!,reaction,,True
"OMG, lmao. Been so long since we've seen him I forgot his name. Even I've come full circle after thinking it was Wales when he was introduced Genuinely hard to watch at times I trust Louise too, but it very obviously it her very hard. So letting her spiral and catastrophise instead of giving her some affirming words like an ""I trust you"", ""I believe in you"" or even a fucking ""I love you"" from Saito is honestly baffling to me. Louise needs positive affirmation wherever she goes really. She is one of the most insecure girls I've ever seen. It really is It's on my ptw along with like 500 other shows lmao (help) If that happens they might genuinely end as my favourite anime couple. (Or at least Top2)",reaction,,True
Think they thought that Chisato only needed a push to kill someone and because of the first half I felt genuinely betrayed by Matsushita. u/eightcheesepizza noticed that every mission they have gone on so far has had a twist too,hot_take,,True
This is her third hit. 4th if we count the manga adaptation of **Arslan Senki**,hot_take,,True
"fair, but there's a gap between controversial and uncomfortably correct that's the sweet spot.",hot_take,,True
"Poor Jeanne, I completely forgot about the peril they left her in last episode until she got spit up by the squid. This family is wild, but hey they are demons. Really fun S1. When this episode ended with a The End endcard I figured that meant no S2, so it's nice to see one was [officially announced](",reaction,,True
Next week is the last!,reaction,,True
"Seriously. With the amount of despair in this series, giving us hope all of a sudden just brings on the waterworks.",reaction,,True
"Yep, it's great finally seeing Elfie able to do something to fight for her ~~husband~~ **wife**. I find this show is better the more screentime Elfie has in a given episode, which is why this was probably the best episode in the series so far.",reaction,,True
"The last two episodes of the whole show gave me the hardest laughs and it's almost singlehandedly from Miel lmao (but special shoutout to ""Damn, that squid stank is strong!"" for being a gem of a subtitle) Also, I'm noticing only now that the stamp rally's done that every family member's each got a [cute little personal design](",analysis,,True
"Fairy Tail has it’s issues, but I enjoy way more than most battle shounen because the female characters actually do stuff and the canon ships aren’t boring.",hot_take,,True
"I just think that's a rather cynical way of looking at it, especially coming from an author who wrote a similar dynamic for the war arc of their other popular work that needn't be named. The story doesn't go ""actually the village was bad, so it's fine."" It shows why the Kagemori think the village is bad, and how they justify their indiscriminate murder of the people there. This is another case of viewers thinking what the characters are thinking is endorsement from the authors side rather than just what is being presented, and it's kind of frustrating. I feel like that's where ""trust in the viewer"" comes in. Obviously no one is going to turn to the camera and say ""that was fucked up Gabby"" because she's surrounded by people who endorsed and coordinated the attack. Yuru has expressed his anger with Gabby's actions already, and that's about all we'll get. Instead we get scenes like in today's episode where we get a follow-up on the kid who she traumatized for life by murdering her mother in front of her so we as the viewers can make up our own minds on her character and actions. We see the result of her killings affecting people who weren't even apart of the conflict she's taking part in. This is trust in the viewer, this is subtlety in writing that doesn't want to tell you how to think. I just think anime is so unused to this kind of writing that people don't know how to grapple with it sometimes.",analysis,,True
Ghost stories. Unironically I watch it once a month and sometimes it's more like on repeat for a week. Far more progressive than people give credit for (don't get me wrong it's a train wreck but some scenes aged really well),analysis,,True
"I like that it serves as a parallel to Saito losing his rune that we started the season with. She's just being paranoid So, does this mean Void is a reflection of the love you have for someone? She really has come a long way More of a mixed bag. There's stuff in it I like, but I also feel it took a while before we got going. The second half was way stronger than the first half. I love her. She never gives up and I find that to be quite admirable. They seem to be in a much better place than they were before. I hope we see Saito and Louise actually be a couple. I mean, God, they already are basically one. I think they've maximized what they could with the will they won't they stuff and now it's time to try something different.",hot_take,,True
"I feel so weird about this episode. With the way it has been traumatic so often I couldn't enjoy the time after the resurrection because I expected Nadeshiko to get shot. Plus with just how much trauma dumping this show has done pulling the 'oh near a ley line she can revive the dead' is a very odd rug pull. One episode left to try and make it a sensible season, curious what they do next week.",reaction,,True
"I think she could be devastating on land too, if she can control more than the cute furries, like snakes, insects, spiders etc. Just imagining her using those animal enhancing powers on a massive moving dome of wasps, hornets, mosquitoes, ticks to supercharge their attacks.",hot_take,,True
He literally called this place his home in the season 2 finale.,analysis,,True
"Yuru is such a cool protag with a unique personality, they did an excellent job writing him as a hunter to his core.",reaction,,True
With how frequently the Magia Vendors see each other in the Tower why can't Will and Elfaria have a healthy relationship? Anime out here acting like they are never gonna be within proximity to each other. I hope that's not the case.,reaction,,True
[What came to mind when the Rakugo Federation people were meeting]( (There's even only one girl) They probably aren't even bad guys but they were assembling like the Espada or something lol. Also I think all of them have famous voice actors?,analysis,,True
"Honestly, there was a moment when he came out of that building, the sun rays made the shot of his foot blurry, and for a moment I thought ""This man better not faint here"".",reaction,,True
"**Rewatcher, Subbed** Wow, a whole month has passed since the last episode. A lot of time to develop Chisato and Takina's relationship that we've skipped over. No need for Chisato to present on this, Takina's already read it. But it's no fun to not do something like this! Chisato has one flaw, she can't pronounce certain long complicated words... Working corporate security this time! His body's so feeble, but his brain seems to be doing good with the help of these machiens. Hey, Raijin and Fujin! I've played Final Fantasy 8! Oh, is this guy examining the subway the same cop guy from episode 1? Didn't realize until Chisato waved to him. Chisato playing at this carnival game is practically cheating. Can't imagine a more fun day than hanging out with Chisato, anyone would want to do it again! Shouldn't these two go inside to help guard him? The eyecatches continue to provide cool outfits that I wish we'd see in epsode! Figured it was about time someone did something about that drone. Damn, Mizuki took a hard kick to the chest. If all this is happening on land they're kinda screwed until our main pair gets off the boat. Ooh, Mizuki smartly got that transmitter on. Chisato committed the cardinal sin of acting in personal security, lost her client! Oops, that transmitter doesn't do any good when he takes the coat off. Sorry Matsushita, Chisato ain't killing Jin, even if he is trying to kill both of you. Well I said earlier in the show that the commander reminded me of an Attack on ",analysis,,True
Shiguma is such a doting and loyal Rakugo Grandpa.,reaction,,True
"TBH, in terms of growing he would benefit more in any faction but Elfie's. As mentioned during the tournament Will knows all the spells created by Elfaria like the back of his hand, he knows what they do and how she would use it. So he would not have much to learn from the Ice Faction. In the others though, his knowledge is more limited and Will can learn new ways of fighting as a wand. Albeit Zeo's faction would make the most of his sword constitution",analysis,,True
"First cour of s1 and second cour of s2 (where they focused on Asuna and Yuuki) were genuinely so good. And alicization was actually an incredible take on the formula, it just suffered from being associated to SAO, but the Comato arc where all the other characters were fighting were so well handled Also the movie, Ordinal Scale, had some genuinely amazing moments despite the unfortunate fam service of a high school girl",analysis,,True
"Honestly, going for a kiss when Jin caught her might have taken him by surprise. Just enough for Mizuki to disengage and try to escape.",reaction,,True
"It’s a good thing the op was a success and they got Nadeshiko back. But boy, they really had me in the first half there. I really thought Ruri was dead. So, do he and Ayame just switch roles now as Summer and Guardian or what? How’s it all work exactly since the Agent didn’t die? Looks like they’re saving the big bad for next week. Hopefully Itecho and Rosei show up soon. Not sure Sakura can hold off that evil bitch.",reaction,,True
I like seeing a purely positive post for a change.,reaction,,True
"I love how [Elfaria]( isn't afraid to [cry out her love for Will]( in front of everyone, but calling him her bride was even better. It's a pity though that [the innocent balustrade suffers again because of this]( hahaha!",reaction,,True
I haven't started *100 Girlfriends* yet so I don't think I'll be there unless I burn through both seasons before then.,reaction,,True
really great flashback to Episode 4,reaction,,True
Literally hydrogen baby,reaction,,True
dude im SO HAPPY TO HEAR THAT AHHHH I LOVE LOUISE AND SAITO SM,reaction,,True
"It's kinda subtle if you aren't paying attention. Yeah, it's really well done That was definitely good as well. And yeah, I wish that had gotten more time. I'm glad to hear you liked it so much :D It's no coincidence this season got better when it had an arc to focus on. You can't just have the characters at odds with each other because of a misunderstanding. Yeah, the ballroom is still probably a top 3 scene in the show. When I think of the pureness of Saito and Louise's relationship, that's the first that comes to mind. That feels so close to actually happening lol Oh wow. A bit negative?",hot_take,,True
"""Next Week is the last"" - yay no more stress ""..next week is the last?"" Despair",reaction,,True
"buddy i have news for you LOL Tabitha is so goated she can't even take an L for a minute Louise is SO GOD DAMN CUTE It's really interesting to see how you're annoyed at the cast for not caring about Louise, and then others get annoyed at Louise herself. NGL with like 3-4 rewatches of this season under my belt and going in with a more open and critical eye, i ended up liking it better than i did This is more in line with what I expected everyone to react this season, it felt meandering and fluffy and fanservice-y, but on this rewatch I can appreciate Louise learning to trust Saito more even when it's difficult, the Agnes Colbert saga, and my favourite part of the season when Saito loses his rune, challenging the idea of master and familiar when they don't have that bond. Though it does kinda retread that idea with Gandalf being the reason why Saito loves Louise again in the last episode, I do overall think the season is much better than I remembered",analysis,,True
"Elfen Lied. I was 11 when I watched. It is a comfort show for me but I dont think it aged well. (i hope some day the manga gets a proper adaptation, maybe go light on the incest lol)",hot_take,,True
"*Elfie and Zeo having fight of the season* Will: ""Do it again, I wasn't looking.""",reaction,,True
The most OP comes in the smallest and cutest package.,reaction,,True
"Yeah, I don't disagree. Was it even explained why it disappeared? It's more likely than you think So did Johmanard or whatever its name is. That's a 5 dollar word Unnecessary seems a bit harsh. I'd never complain of more Familiar of Zero. I hope she gets all the hugs in the world. I kinda feel like Louise would be worse off without Saito than vice versa. Then again, maybe I'm wrong. That would certainly be a welcomed return to form.",hot_take,,True
"HOTD is so good bro how is it even trash? The plot kept me engaged, the ero scenes gave me a boner. What else could I ask for?",reaction,,True
Don't forget he might have one of the nicest asses in the entire family. Really the most eccentric thing about him is he's a hardcore overprotective father but that's pretty normal by anime standards.,hot_take,,True
"ANSWER TODAY’S QUESTION(S) What are your thoughts on Louise losing the ability to use magic? Interesting, first Saito lost his powers, now it's Louise's turn, but this plot twist is still too sudden. What are your thoughts on Louise wondering if Saito's love for her is because he's under the influence of Gandalfr? A lack of security that is unique to girls in the dating phase？[](#sakurathink) What are your thoughts on Louise regaining her Void powers because Tabitha kissed Saito? She suffered a great shock. What are your thoughts on Henrietta declaring Louise now her sister and second successor to the throne? She is truly magnanimous. Bonus) How would you compare this season to the previous two? The other girls were lovely, especially Siesta in the latter half. Louise's experience of Plebian life and the themes of war and hatred were already well explored in the S1 and S2; this season felt like an unnecessary addition. Bonus 2) What are your thoughts on Louise as it currently stands? Her mental state is becoming increasingly unstable; I hope Saito can protect her. Bonus 3) After three seasons, what do you make of Saito and Louise and their relationship as a whole? They have a somewhat symbiotic relationship; whoever leaves first, the remaining people will be at a loss. Bonus 4) What are you hoping we see in season 4? A slightly more in-depth content like S2",hot_take,,True
"**First Timer** Back from watching Disclosure Day, now it’s time to talk about Familiar of Zero Okay maybe I’m just blanking out on how the last episode ended but where is everyone and why are they surrounded by fog? Also why did Louise wake up on the ground? I see, just a dream fakeout. I guess everyone’s just escaped and is lying low? I guess Louise used up all her magic defeating that elf last episode? Not sure what’s going on with her now. Are we implying that Tabitha has a thing for Saito now? I’m not sure I like this development. I’m kinda sick of it seeming like every woman he meets has a thing for him. The way Joseph says this line about killing his brother makes it seem like it’s a big reveal but I feel like we already knew this, didn’t we? Oh hey, Julio’s in this episode. He’s done basically nothing all season. Saito is starting to learn the local language of this world. I’m surprised it’s taken him this long. Louise seems to be freaking out a bit. Jormungand is here. He looks very intimidating. Also, very distinctly not a snake despite his namesake. There’s some pretty good animation in this fight like when Saito’s rolling down the hill. It’s cool seeing the Ostland show up for the battle here. It’s lovely seeing Saito save Louise here, very dramatic. I really like Saito hugging Louise from behind. It’s very sweet. Man, how does old military equipment just keep ending up in this world? I was fully expecting the artillery shell to take down Jormungand. Not sure what",analysis,,True
"Rewatcher. You know, I don't think I'd fully appreciated just how many moving parts this show has, because of how well it manages them all. DA's operations, Shinji and the Alan institute, Majima and his plans, Chisato's heart, Chisato's past, Mika's past (with Shinji), Takina's character arc, and Chisato and Takina's relationship--every single one of these pieces just gets one more little nugget of development at a time in a way that's really well-handled. I say that because I remember not initially thinking quite as much of this episode because the development of Takina and Chisato's relationship takes more of a backseat, but what we got instead is doing a very efficient job of moving the plot forward. I don't think I have much to say that others aren't going to be echoing. Learning about Chisato's heart, showing that Shinji and the Alan institute are no longer going to be passive about Chisato delivering her gift to the world, and my lord so much thematic foreshadowing. Kurumi shows quite a bit more of her sociopathic side this episode. Laughing at the TV broadcast, smiling at the idea of Mizuki having sacrificed herself. What a little weirdo. ""I worked with Silent Jin for years, but I don't think I ever heard his voice."" [Immediately upon capture] ""Oh hey Mika, how's it going?"" In subs, Jin asks Mika what happened to his leg, while in ENG dub, he asks ""how's your leg?"" [Last episode vague spoiler] >! This little discrepancy actually gets very interesting, when you consider",analysis,,True
"Fuck me, I swear to god this show stresses me out so much. You have no idea how angry and upset I was when [Ruri died and Ayame started to take over as the new Agent of Summer.]( What a cruel fate to have them help [Rindou rescue Nadeshiko]( only for one of them to die. I was so upset that I genuinely forgot that [Nadeshiko has control over life and death]( and that she survived a missile attack thanks to her powers. If she can heal herself, reviving someone who's near death is definitely doable. What does this mean for Ayame tho? Does this mean she's now the new Agent of Summer? Or would it go back to Ruri now that she's been revived? If not, then the role reversal between sisters would be actually pretty funny.",reaction,,True
I think the author knew that that vibe needed to continue.,hot_take,,True
Huge Final Fantasy fan and I've yet to play it. [](#shatteredsaten),reaction,,True
"# Rakugo Q&A desk Just so you know, if I fail to setup the desk when next season comes, assume I turned pro.",reaction,,True
"Gentlemen of culture, it's been an honor watching this work with you all these past three months. I trust that I'll see you all again in the *100 Girlfriends* thread in two weeks.",reaction,,True
"Colette should consider joining the lightning faction, sis broke concrete with her bare hands.",reaction,,True
I think they kind of acknowledged it was a bad decision and Ruri only did it because she felt bad for having to rely on Ayame for so much when she wishes she could fight with her...but trying to do so ended up nearly costing them everything.,reaction,,True
"Gonna miss her school friends, she’d do so well with some peer interaction in a high school setting. Glad to see it’ll continue in the winter, looking forward to it!",reaction,,True
Poor Colette. She’s trapped so far in the friend zone there’s almost no chance of her getting out.,hot_take,,True
Yu Gi Oh! The very first version with Pegasus and Dark Dimension,reaction,,True
Good hell Kanan’s mom in the swimsuit was *stimulating* to say the least. Absolutely massive badonkers lol. Nah flashing your mom’s tits and the opponent to try to win is crazy though. The way Kyougi’s eyes followed the bouncing was genuinely funny.,reaction,,True
"I started last week and am pleasantly surprised. Good hook in the beginning. Writing is clean and smart like fullmetal. As I was watching I kept thinking ""But what about this?!"" And they'd answer it shortly after. It's the show I'm most looking forward to each week.",hot_take,,True
"Like I like the first 2/3rds of this season despite it apparently being weaker than the last 3rd ( Which, obviously, I disagree.). My issue is purely with the last 3rd on top of foundational issues the show's always had (I've been complaining about Louise not growing as a character. This isn't new.). I don't think dragging out a plot point that was ultimately meaningless (The familiar pact being broken.) and cutting out the fun stuff (the comedy) would fix the season and in fact feel it would make it worse. Like. Louise standing up to Henrietta was never going to work because the show hasn't put in the work to make it work. She's always happily offered to sacrifice herself for Henrietta or to do whatever Henrietta asks of her. There's been no hints that she might eventually snap. And frankly with how much stake she puts in her aristocrat title and her feelings on honor throwing that away for Tabitha feels out of character. Like I could maybe see her do it for Saito and even then that's questionable. And then there's Kirche. Kirche has barely been around after the first season. When would she have been given reason to start relying on Louise? Like unless they seeded the idea throughout the show prior it was never going to feel earned. And they didn't do that because they couldn't since she was barely around last season and didn't really get much focus this season before the last 3rd. The Agnes - Colbert-sensei storyline is maybe the only one of the three that works and even th",analysis,,True
"Kanan's dad is so powerful that he broke the 4th wall and knows the target audience wants to see female characters in swimsuits. In addition, to cover all bases, he did provide some fanservice of his ass, and the elephant sound effect. Ami doing her best to help Kanan secure a closer kiss. To be honest, I wouldn't mind an alternate episode in which Team Lilim, Milch, Miel won the volleyball match. If Kyougi has to go on a date with 3 of them, I want to see Kanan turn up to prevent all the possible ecchi scenarios from happening. Lol!",analysis,,True
"She got used to Kyogi pretty fast and after that her fantasies couldn't be stopped lmao. Also, Darkness got a good opponent with Miel.",reaction,,True
"honestly ""it has erza"" is a full argument on its own lol. she couldve carried a way worse show than fairy tail and we all know it",hot_take,,True
"I think it really shows, and not just in the (great) character design. Most characters in FMA pursued their own interests throughout the story, which just overlapped sometimes. It makes it feel more real and fleshed out. This also gives everyone a character/story to relate to, so they dont have to make the MC a faceless self insert.",analysis,,True
"I was fully prepared to lose both Summer Sisters before they got saved, what a rollercoaster of an episode",reaction,,True
"You know what, I hadn’t seen today's episode yet when I made my comment. The scene with the village kids and the one whose mother was killed was all I needed. Before, it did feel like the narrative was leaning towards the attack being justified and that Yuru's anger was a misunderstanding, so I do think it would've been a good idea to have something like that earlier. But that scene changed how I feel about how things are being portrayed.",analysis,,True
...and that something happened with your dad?,reaction,,True
Your imgur links doesn't seems to work [](#sakurathink),reaction,,True
That's what Im talking about. The level of animation that was missing the whole season and it did not disappoint Their guardian beasts also did not disappoint especially Zeos' Love how they acknowledged that Will would benefit more from Zeo than Elfaria from a training standpoint as much as it would pain us the audience. Zeo really is the most practical out of all of them even seeing worth in the dwarves Interesting bit as well that there seems to be more reason as to why non-mages arent allowed into the Tower beyond just racism or classism Elfie calling Will her bride was cute as fuck. Wouldnt call her a tomboy and is fairly girly but she's gonna be wearing the pants in this relationship,analysis,,True
"Honestly, rewatched it recently after 100YQ came out and I liked it more than my first time. Maybe it was just nostalgia talking, but I actually had a better appreciation for what it had going on (and was also less annoyed with the power of friendship stuff honestly). There are definitely some rough parts (cough Eclipse Spirits cough) but it has the sauce a show needs to stay relevant in spades.",analysis,,True
Bro the elephant sound sent me,reaction,,True
"**Rewatcher** So Shinji kidnapped a dying patient from a hospital and hired an assassin to be killed by Chisato. Surely he has a good reason to do so, surely... But he had no idea she was so much against the very idea of killing. And we also now know why. Her heart is artificial, and that is what she was gifted by the Alan Institute. Funnily, or tragically, that is what made her want to not take any more lives. And if the idea behind giving her that heart was making her execute her talent of killing people, there is some heavy conflict coming her way. Loved the action sequence this episode as well. In my memory, Takina did worse here and I didn't like that she had to be rescued, but she was doing fine. She only took a strafing hit and might have handled the situation on her own, but it was still good Chisato came to her aid. Unleashing the rubber bullets at point blank into Jin was a very cathartic finish. And even Mizuki had a chance to shine here. Also Kurumi has by now been fully adopted into the crew, which is nice. I also loved the little bit of panic in Takina's voice when she first heard about Chisato's artificial heart. She genuinely cares about Chisato now and is concerned for her, and Shion Wakayama's voice acting really shows off the layers in Takina's character. The little revelation that the police officer knew something about incidents getting covered up is great. As powerful as DA is, they cannot hide everything, particularly not from the police. Finally, Majim",analysis,,True
"From the beginning until the end - this episode really cemented, what it means to be a magia vander to me. The scale of all the spells used here were insane compared to everything else we've seen so far. I'm also really happy to see Elfie show a ton of backbone here to prove she isn't just a damsel in distress. Not only declaring her love for everyone here to see, she's more than willing to fight for it. Even if it's against someone nobody else would be willing to fight against. I think she is my favourite character.",analysis,,True
"Zeo and Elfie really said, ""If we're going all in, we're going ALL IN!"" No wonder they unleashed their supreme spell to make sure everyone knew they meant business.",reaction,,True
